nome;id;email;matriculas
JOSE;235;jose@email.com.br;2
JOAO;43;joao@mailto.com;1
ANTONIO;304;antonio@mailto.com;2
FRANCISCO;156;francisco@mailto.com;3
CARLOS;343;carlos@mailto.com;1
PAULO;310;paulo@email.com.br;1
PEDRO;55;pedro@email.com.br;2
LUCAS;288;lucas@email.com.br;3
LUIZ;379;luiz@mailto.com;5
MARCOS;92;marcos@mailto.com;1
LUIS;174;luis@email.com.br;2
GABRIEL;218;gabriel@mailto.com;1
RAFAEL;217;rafael@mailto.com;1
DANIEL;34;daniel@email.com.br;1
MARCELO;185;marcelo@email.com.br;1
BRUNO;347;bruno@mailto.com;3
EDUARDO;191;eduardo@mailto.com;3
FELIPE;163;felipe@mailto.com;2
RAIMUNDO;42;raimundo@mailto.com;1
RODRIGO;10;rodrigo@mailto.com;1
MANOEL;200;manoel@email.com.br;5
MATEUS;287;mateus@email.com.br;1
ANDRE;80;andre@mailto.com;2
FERNANDO;173;fernando@email.com.br;1
FABIO;16;fabio@email.com.br;2
LEONARDO;49;leonardo@email.com.br;2
GUSTAVO;12;gustavo@mailto.com;1
GUILHERME;240;guilherme@mailto.com;1
LEANDRO;242;leandro@mailto.com;1
TIAGO;328;tiago@email.com.br;5
ANDERSON;172;anderson@mailto.com;1
RICARDO;103;ricardo@mailto.com;1
MARCIO;284;marcio@email.com.br;3
JORGE;192;jorge@email.com.br;3
SEBASTIAO;350;sebastiao@email.com.br;2
ALEXANDRE;262;alexandre@email.com.br;4
ROBERTO;338;roberto@email.com.br;1
EDSON;333;edson@email.com.br;1
DIEGO;76;diego@mailto.com;1
VITOR;297;vitor@email.com.br;2
SERGIO;238;sergio@mailto.com;4
CLAUDIO;296;claudio@mailto.com;2
MATHEUS;268;matheus@mailto.com;1
THIAGO;158;thiago@mailto.com;2
GERALDO;259;geraldo@email.com.br;2
ADRIANO;37;adriano@mailto.com;1
LUCIANO;358;luciano@mailto.com;3
JULIO;241;julio@email.com.br;4
RENATO;391;renato@mailto.com;1
ALEX;249;alex@email.com.br;1
VINICIUS;27;vinicius@email.com.br;2
ROGERIO;102;rogerio@mailto.com;6
SAMUEL;276;samuel@email.com.br;2
RONALDO;233;ronaldo@email.com.br;3
MARIO;281;mario@email.com.br;3
FLAVIO;25;flavio@email.com.br;5
DOUGLAS;14;douglas@email.com.br;3
IGOR;303;igor@mailto.com;1
DAVI;193;davi@mailto.com;1
MANUEL;83;manuel@email.com.br;1
JEFERSON;32;jeferson@mailto.com;1
CICERO;21;cicero@email.com.br;1
VICTOR;60;victor@mailto.com;5
MIGUEL;228;miguel@mailto.com;5
ROBSON;396;robson@mailto.com;1
MAURICIO;278;mauricio@mailto.com;1
DANILO;122;danilo@mailto.com;3
HENRIQUE;212;henrique@email.com.br;2
CAIO;108;caio@email.com.br;1
REGINALDO;151;reginaldo@mailto.com;1
JOAQUIM;73;joaquim@email.com.br;1
BENEDITO;265;benedito@email.com.br;7
GILBERTO;232;gilberto@mailto.com;1
MARCO;53;marco@email.com.br;3
ALAN;246;alan@email.com.br;5
NELSON;180;nelson@mailto.com;2
CRISTIANO;203;cristiano@mailto.com;1
ELIAS;324;elias@mailto.com;2
WILSON;115;wilson@email.com.br;1
VALDIR;329;valdir@email.com.br;4
EMERSON;179;emerson@mailto.com;2
LUAN;253;luan@email.com.br;5
DAVID;7;david@mailto.com;1
RENAN;275;renan@email.com.br;1
SEVERINO;126;severino@email.com.br;2
FABRICIO;221;fabricio@email.com.br;1
MAURO;381;mauro@mailto.com;2
JONAS;273;jonas@mailto.com;2
GILMAR;96;gilmar@mailto.com;1
JEAN;166;jean@mailto.com;1
FABIANO;213;fabiano@email.com.br;3
WESLEY;367;wesley@mailto.com;1
DIOGO;377;diogo@email.com.br;6
ADILSON;372;adilson@mailto.com;4
JAIR;1;jair@email.com.br;1
ALESSANDRO;292;alessandro@email.com.br;3
EVERTON;211;everton@email.com.br;2
OSVALDO;201;osvaldo@mailto.com;1
GILSON;148;gilson@email.com.br;5
WILLIAN;39;willian@mailto.com;3
JOEL;171;joel@mailto.com;3
SILVIO;298;silvio@mailto.com;4
HELIO;149;helio@email.com.br;4
MAICON;145;maicon@email.com.br;1
REINALDO;13;reinaldo@mailto.com;5
PABLO;371;pablo@email.com.br;1
ARTUR;342;artur@mailto.com;4
VAGNER;56;vagner@email.com.br;1
VALTER;31;valter@mailto.com;3
CELSO;300;celso@mailto.com;1
IVAN;22;ivan@mailto.com;3
CLEITON;121;cleiton@mailto.com;3
VANDERLEI;161;vanderlei@email.com.br;1
VICENTE;143;vicente@mailto.com;4
ARTHUR;380;arthur@email.com.br;3
MILTON;94;milton@email.com.br;2
DOMINGOS;261;domingos@email.com.br;2
WAGNER;189;wagner@mailto.com;1
SANDRO;285;sandro@email.com.br;1
MOISES;190;moises@mailto.com;1
EDILSON;178;edilson@email.com.br;2
ADEMIR;106;ademir@mailto.com;3
ADAO;6;adao@mailto.com;2
EVANDRO;289;evandro@email.com.br;1
CESAR;280;cesar@email.com.br;3
VALMIR;20;valmir@mailto.com;3
MURILO;30;murilo@email.com.br;1
JULIANO;79;juliano@email.com.br;3
EDVALDO;357;edvaldo@mailto.com;4
AILTON;135;ailton@mailto.com;2
JUNIOR;197;junior@mailto.com;1
BRENO;370;breno@mailto.com;1
NICOLAS;72;nicolas@mailto.com;3
RUAN;95;ruan@email.com.br;1
ALBERTO;274;alberto@email.com.br;1
RUBENS;387;rubens@mailto.com;1
NILTON;36;nilton@mailto.com;4
AUGUSTO;129;augusto@mailto.com;1
CLEBER;75;cleber@email.com.br;4
OSMAR;54;osmar@mailto.com;1
NILSON;23;nilson@email.com.br;3
ORLANDO;325;orlando@mailto.com;2
HUGO;286;hugo@mailto.com;2
OTAVIO;301;otavio@email.com.br;1
VINICIOS;91;vinicios@email.com.br;2
ITALO;316;italo@email.com.br;1
WILIAN;352;wilian@email.com.br;1
ALISSON;397;alisson@email.com.br;3
APARECIDO;334;aparecido@mailto.com;2
ISRAEL;399;israel@email.com.br;2
EDMILSON;176;edmilson@email.com.br;4
JOSUE;5;josue@mailto.com;1
GERSON;160;gerson@email.com.br;1
CAUA;368;caua@email.com.br;2
SIDNEI;182;sidnei@email.com.br;1
EMANUEL;144;emanuel@email.com.br;2
VALDEMAR;386;valdemar@mailto.com;4
JAIME;153;jaime@mailto.com;2
EDIVALDO;81;edivaldo@mailto.com;5
ARNALDO;118;arnaldo@mailto.com;1
MOACIR;157;moacir@email.com.br;3
DAMIAO;247;damiao@email.com.br;2
ISMAEL;202;ismael@email.com.br;1
NIVALDO;308;nivaldo@mailto.com;1
JAIRO;105;jairo@mailto.com;1
ISAIAS;62;isaias@email.com.br;2
MICHEL;109;michel@mailto.com;3
ANGELO;128;angelo@email.com.br;1
CRISTIAN;82;cristian@email.com.br;1
WELLINGTON;394;wellington@email.com.br;1
ALEXANDRO;243;alexandro@email.com.br;5
VALDEMIR;45;valdemir@mailto.com;1
WANDERSON;165;wanderson@email.com.br;3
JAILSON;314;jailson@email.com.br;1
DENIS;90;denis@email.com.br;2
RIAN;317;rian@email.com.br;2
CELIO;375;celio@email.com.br;1
CLAUDINEI;353;claudinei@mailto.com;1
DENILSON;250;denilson@mailto.com;12
IAGO;299;iago@email.com.br;2
EDER;167;eder@email.com.br;1
YURI;168;yuri@email.com.br;2
CHARLES;389;charles@email.com.br;1
MARLON;8;marlon@mailto.com;2
ALISON;282;alison@mailto.com;2
JONATAN;116;jonatan@email.com.br;1
ERIC;319;eric@mailto.com;1
ELTON;229;elton@email.com.br;1
VALDECIR;369;valdecir@email.com.br;3
WESLEI;137;weslei@email.com.br;5
NATANAEL;346;natanael@mailto.com;1
ERICK;264;erick@email.com.br;2
AGNALDO;237;agnaldo@mailto.com;1
KAUAN;146;kauan@email.com.br;1
ODAIR;277;odair@mailto.com;1
WALTER;227;walter@email.com.br;2
ARLINDO;222;arlindo@email.com.br;2
MICHAEL;50;michael@mailto.com;1
ALVARO;38;alvaro@mailto.com;1
GEOVANE;35;geovane@email.com.br;5
MARIA;331;maria@mailto.com;1
ANA;24;ana@email.com.br;1
FRANCISCA;205;francisca@email.com.br;1
ANTONIA;382;antonia@email.com.br;4
ADRIANA;230;adriana@email.com.br;2
JULIANA;11;juliana@email.com.br;2
MARCIA;67;marcia@email.com.br;1
FERNANDA;29;fernanda@mailto.com;1
PATRICIA;208;patricia@mailto.com;1
ALINE;390;aline@email.com.br;3
SANDRA;125;sandra@mailto.com;2
CAMILA;219;camila@mailto.com;1
AMANDA;162;amanda@email.com.br;1
BRUNA;195;bruna@mailto.com;1
JESSICA;138;jessica@mailto.com;2
LETICIA;293;leticia@email.com.br;2
JULIA;224;julia@mailto.com;2
LUCIANA;113;luciana@email.com.br;4
VANESSA;70;vanessa@mailto.com;3
MARIANA;133;mariana@mailto.com;3
GABRIELA;101;gabriela@mailto.com;2
VERA;309;vera@email.com.br;1
VITORIA;311;vitoria@mailto.com;1
LARISSA;321;larissa@email.com.br;5
CLAUDIA;400;claudia@mailto.com;1
BEATRIZ;236;beatriz@mailto.com;2
RITA;86;rita@email.com.br;3
LUANA;327;luana@email.com.br;1
SONIA;302;sonia@mailto.com;6
RENATA;267;renata@email.com.br;4
ELIANE;111;eliane@mailto.com;1
JOSEFA;336;josefa@mailto.com;1
SIMONE;322;simone@mailto.com;4
NATALIA;330;natalia@mailto.com;1
CRISTIANE;152;cristiane@mailto.com;1
CARLA;188;carla@mailto.com;2
DEBORA;364;debora@email.com.br;1
ROSANGELA;123;rosangela@email.com.br;2
JAQUELINE;294;jaqueline@email.com.br;2
ROSA;132;rosa@email.com.br;2
APARECIDA;139;aparecida@mailto.com;1
DANIELA;204;daniela@mailto.com;3
MARLENE;93;marlene@email.com.br;6
TEREZINHA;339;terezinha@mailto.com;1
RAIMUNDA;318;raimunda@mailto.com;4
ANDREIA;196;andreia@mailto.com;1
FABIANA;63;fabiana@mailto.com;1
LUCIA;210;lucia@email.com.br;3
RAQUEL;384;raquel@mailto.com;1
ANGELA;337;angela@mailto.com;1
RAFAELA;183;rafaela@mailto.com;1
JOANA;175;joana@mailto.com;1
LUZIA;220;luzia@email.com.br;1
ELAINE;356;elaine@mailto.com;2
REGINA;164;regina@mailto.com;1
DANIELE;186;daniele@mailto.com;1
SUELI;46;sueli@email.com.br;2
DAIANE;345;daiane@email.com.br;1
ALESSANDRA;131;alessandra@mailto.com;8
ISABEL;51;isabel@email.com.br;1
SARA;98;sara@email.com.br;2
BIANCA;198;bianca@email.com.br;3
FLAVIA;216;flavia@mailto.com;1
ERICA;239;erica@mailto.com;1
VIVIANE;290;viviane@mailto.com;1
SILVANA;395;silvana@mailto.com;1
PRISCILA;348;priscila@mailto.com;2
PAULA;64;paula@email.com.br;2
LUIZA;283;luiza@email.com.br;1
TEREZA;170;tereza@email.com.br;1
ISABELA;248;isabela@email.com.br;2
MARTA;258;marta@mailto.com;3
CAROLINE;252;caroline@email.com.br;2
JANAINA;270;janaina@email.com.br;1
LAURA;355;laura@email.com.br;4
MARLI;392;marli@mailto.com;1
TATIANE;154;tatiane@mailto.com;1
MARINA;360;marina@email.com.br;2
SILVIA;41;silvia@email.com.br;3
MONICA;307;monica@mailto.com;2
TAIS;373;tais@mailto.com;2
MICHELE;66;michele@mailto.com;1
SOLANGE;207;solange@mailto.com;1
EDNA;9;edna@email.com.br;1
FATIMA;78;fatima@mailto.com;3
HELENA;59;helena@mailto.com;5
CRISTINA;251;cristina@email.com.br;2
ALICE;120;alice@mailto.com;1
CAROLINA;142;carolina@mailto.com;2
ROSANA;89;rosana@email.com.br;1
ANDRESSA;365;andressa@mailto.com;1
CELIA;255;celia@mailto.com;12
VALERIA;61;valeria@mailto.com;2
ELIANA;257;eliana@mailto.com;2
SABRINA;344;sabrina@email.com.br;4
ANDREA;47;andrea@email.com.br;1
TANIA;87;tania@mailto.com;2
BARBARA;110;barbara@mailto.com;1
THAIS;134;thais@email.com.br;1
DENISE;17;denise@email.com.br;2
ROSELI;194;roseli@email.com.br;2
GISELE;363;gisele@email.com.br;1
MARILENE;117;marilene@mailto.com;1
KATIA;295;katia@mailto.com;1
EVA;28;eva@mailto.com;2
MILENA;141;milena@mailto.com;3
EDUARDA;199;eduarda@email.com.br;4
ELISANGELA;15;elisangela@email.com.br;1
VILMA;88;vilma@mailto.com;5
GEOVANA;266;geovana@mailto.com;3
LUCIENE;263;luciene@email.com.br;1
TAMIRES;223;tamires@email.com.br;1
TATIANA;244;tatiana@email.com.br;1
ROBERTA;260;roberta@mailto.com;1
ELZA;320;elza@email.com.br;1
TALITA;104;talita@email.com.br;1
MARCELA;150;marcela@mailto.com;1
PAMELA;140;pamela@mailto.com;2
VANIA;68;vania@mailto.com;1
IRENE;4;irene@mailto.com;2
JOSIANE;57;josiane@email.com.br;2
LIVIA;305;livia@email.com.br;1
CINTIA;234;cintia@email.com.br;1
IVONE;52;ivone@mailto.com;2
LAIS;2;lais@email.com.br;4
BENEDITA;19;benedita@email.com.br;1
SEBASTIANA;269;sebastiana@email.com.br;3
TAINA;374;taina@email.com.br;3
JOICE;313;joice@mailto.com;1
MIRIAN;26;mirian@mailto.com;1
ELIZABETE;184;elizabete@mailto.com;2
ANGELICA;187;angelica@email.com.br;3
GABRIELE;44;gabriele@mailto.com;4
BRENDA;130;brenda@email.com.br;1
VERONICA;245;veronica@mailto.com;2
ROSILENE;256;rosilene@email.com.br;1
KARINA;271;karina@email.com.br;1
NAIR;376;nair@mailto.com;3
NEUSA;155;neusa@mailto.com;1
MARGARIDA;71;margarida@mailto.com;1
NEUZA;361;neuza@email.com.br;3
NEIDE;159;neide@mailto.com;1
RAISSA;378;raissa@email.com.br;2
MAIARA;272;maiara@email.com.br;3
LORENA;147;lorena@mailto.com;1
FRANCIELE;206;franciele@mailto.com;2
SAMARA;279;samara@mailto.com;3
LILIAN;315;lilian@mailto.com;3
JANETE;332;janete@email.com.br;4
CICERA;65;cicera@mailto.com;1
GIOVANA;326;giovana@mailto.com;2
SEVERINA;393;severina@mailto.com;1
LARA;169;lara@mailto.com;2
CLEIDE;77;cleide@mailto.com;3
NICOLE;291;nicole@email.com.br;1
CECILIA;351;cecilia@email.com.br;2
YASMIN;119;yasmin@email.com.br;3
CONCEICAO;214;conceicao@email.com.br;5
INGRID;354;ingrid@email.com.br;2
SELMA;359;selma@email.com.br;1
LEILA;181;leila@mailto.com;1
RAIANE;349;raiane@email.com.br;4
ESTER;100;ester@mailto.com;1
REGIANE;362;regiane@email.com.br;4
MARISA;136;marisa@mailto.com;1
EUNICE;177;eunice@email.com.br;6
KELLY;385;kelly@mailto.com;1
TAINARA;85;tainara@mailto.com;4
IARA;398;iara@mailto.com;2
JOELMA;40;joelma@mailto.com;2
MARINALVA;341;marinalva@mailto.com;6
TERESINHA;3;teresinha@email.com.br;5
REBECA;312;rebeca@mailto.com;3
GERALDA;306;geralda@email.com.br;2
CLEONICE;69;cleonice@mailto.com;2
ALEXANDRA;209;alexandra@email.com.br;1
MARA;388;mara@mailto.com;1
JENIFER;254;jenifer@email.com.br;1
ELIZANGELA;335;elizangela@email.com.br;1
LILIANE;340;liliane@email.com.br;1
LIDIA;112;lidia@mailto.com;1
IRACEMA;225;iracema@email.com.br;3
LIDIANE;33;lidiane@email.com.br;1
IRACI;74;iraci@email.com.br;2
MARILIA;48;marilia@email.com.br;1
SHEILA;127;sheila@email.com.br;2
INES;114;ines@mailto.com;1
NAIARA;97;naiara@email.com.br;1
POLIANA;226;poliana@mailto.com;3
DALVA;215;dalva@mailto.com;1
LURDES;58;lurdes@mailto.com;4
TERESA;124;teresa@mailto.com;1
ZILDA;107;zilda@mailto.com;5
LUCILENE;84;lucilene@mailto.com;1
CLARA;18;clara@mailto.com;1
ROSANE;231;rosane@email.com.br;2
IVONETE;99;ivonete@mailto.com;5
LUCIANE;323;luciane@email.com.br;1
ISADORA;383;isadora@mailto.com;3
NILZA;366;nilza@mailto.com;2
